{"embedding_dims": 2, "k": 250, "distance": "pn", "batch_size": 128, "epochs": 1000, "n_epochs_without_progress": 50, "margin": 1, "ntrees": 50, "search_k": -1, "precompute": true, "model_def": "maaten", "loss_history_": [2.1732056692188038, 0.37001599780805816, 0.26444994509493036, 0.22739013893045348, 0.20287900285679342, 0.19330791648709295, 0.19077738669219907, 0.18070480745326686, 0.18016295603070503, 0.17681806460159383, 0.17279593414548552, 0.16938315940536422, 0.17875059159138265, 0.17448263635838424, 0.16959539151344544, 0.1722407290377678, 0.1645387031765648, 0.1654749001229639, 0.16478108709179984, 0.16692892788830913, 0.16531853162898466, 0.16557972900733187, 0.16454721103685024, 0.16186218480869527, 0.15764214930162107, 0.15940714409854603, 0.16084803071132292, 0.16317392206808803, 0.15768619888758922, 0.15834475871543963, 0.16031116244447974, 0.15795627875669754, 0.16087753567912857, 0.16046217270195484, 0.15842158496789224, 0.16060014449114546, 0.15682142351382164, 0.15503919226264123, 0.15627245499237336, 0.1558498110444773, 0.15435101552405855, 0.15563254913949703, 0.15761530170756163, 0.1595699257002427, 0.15492518517724324, 0.1552518244232341, 0.15466897745681552, 0.15867269942502835, 0.15722231925789254, 0.15794702849245115, 0.15497620079680022, 0.15840091894043015, 0.15545249087633667, 0.15241393717108193, 0.15057975663752346, 0.1591823484352875, 0.1630751384974836, 0.16486598727303547, 0.15588572722324084, 0.1557072536344384, 0.155543268068042, 0.1963392765066781, 0.1631331288566192, 0.15807546735928826, 0.15362491143437532, 0.18211102173169016, 0.16479627568370256, 0.15953897230409003, 0.15975031422983324, 0.1543009066578997, 0.16352496617524834, 0.15132054855753652, 0.15539730203102578, 0.15609044362637367, 0.15498549523916874, 0.1738343788003856, 0.15728344456480317, 0.15961455684086998, 0.15491172929905056, 0.1566281605225343, 0.18026808843753495, 0.15389780945148004, 0.15633610895265154, 0.15514105407609827, 0.15333689823610225, 0.15361748553894378, 0.357408607985838, 0.18079577705007552, 0.15861625419486136, 0.21208843281117332, 0.1579075205538954, 0.15871397947599164, 0.15583290223837334, 0.16912883382986535, 0.16253542380182298, 0.15790206349485522, 0.15463415343287118, 0.15827793874965482, 0.21037514152980985, 0.16404088329346406, 0.156059288893973, 0.15789945568930316, 0.15391103384995852, 0.15760226452197784, 0.441732426228568], "annoy_index_path": "annoy.index"}